first_name,last_name,email,location
Wanda,Samudio,wsamudio0@wp.com,Město Albrechtice
Yard,Baptiste,ybaptiste1@hostgator.com,Outeiro Seco
Gae,Bradbrook,gbradbrook2@freewebs.com,Carlos Casares
Shoshana,Okill,sokill3@deviantart.com,Jiangcun
Minne,Canete,mcanete4@mlb.com,Mboursou Léré
Estell,Illston,eillston5@joomla.org,Barat
Minta,Deeson,mdeeson6@rakuten.co.jp,Meixi
Shepherd,Cotelard,scotelard7@sina.com.cn,Bentengjawa
Katey,Lackie,klackie8@noaa.gov,Ambatolampy
Alick,Ackrill,aackrill9@shinystat.com,Agpangi
Bari,Gildroy,bgildroya@epa.gov,Omoku
Sissie,Fakes,sfakesb@tripadvisor.com,Pulo
Arleyne,Rosier,arosierc@tinyurl.com,Igarapé
Selia,Kidwell,skidwelld@mail.ru,Aksu
Buddie,Agates,bagatese@sina.com.cn,Udi
Braden,Jiles,bjilesf@icq.com,Lovran
Nicol,Lanchberry,nlanchberryg@google.com.hk,Conima
Jeanelle,Tindley,jtindleyh@desdev.cn,Křenovice
Sarita,Darrington,sdarringtoni@addthis.com,Barrie
Archaimbaud,Simek,asimekj@umn.edu,Dallas
Lexis,Orniz,lornizk@woothemes.com,Assiniboia
Foster,Lente,flentel@oaic.gov.au,Pogonsili
Chuck,Canepe,ccanepem@wikipedia.org,Lizhuangzi
Berni,Simunek,bsimunekn@sohu.com,Khon Kaen
Templeton,Ragborne,tragborneo@mapquest.com,Viline
Sim,Nafzger,snafzgerp@wordpress.org,Łobodno
Henrie,Castiblanco,hcastiblancoq@omniture.com,Ya’erya
Hewe,Heis,hheisr@surveymonkey.com,Kostopil’
Fraze,Sauvan,fsauvans@ted.com,Omutninsk
Kaitlynn,Yurkin,kyurkint@rambler.ru,Geneng
Matti,Heigho,mheighou@time.com,Zykovo
Milicent,Swede,mswedev@state.gov,Birmingham
Malia,Goldwater,mgoldwaterw@fotki.com,Atakpamé
Piotr,Shills,pshillsx@altervista.org,Barengkok
Ingemar,Firmin,ifirminy@chronoengine.com,Florencia
Gwenneth,Pfaffe,gpfaffez@state.gov,North York
Keriann,Sexty,ksexty10@zdnet.com,Al Bāţinah
Tawsha,Skillitt,tskillitt11@reference.com,Kosikha
Cosette,Etteridge,cetteridge12@qq.com,Shahr-e Şafā
Adrien,Gatesman,agatesman13@bloglovin.com,Shuyuan
Fannie,Ladbury,fladbury14@imageshack.us,Jiling
Vassili,Sturmey,vsturmey15@phpbb.com,Vnorovy
Rolph,Layus,rlayus16@ftc.gov,Fangxi
Skell,Packham,spackham17@gnu.org,Králův Dvůr
Kelli,Font,kfont18@tmall.com,Huangdu
Phyllis,Wiggam,pwiggam19@jiathis.com,Roriz
Halsy,Colquite,hcolquite1a@prlog.org,Yuanqiao
Dianemarie,Arnaud,darnaud1b@delicious.com,Chita
Sterne,Looker,slooker1c@ed.gov,Ntobo
Allegra,Prestwich,aprestwich1d@aboutads.info,Leles
